{
    "approach_based": {
        "appearance": {
            "positive": {
                "CA": 0.6792452830188679,
                "Spec": 0.857685009487666,
                "Sens": 0.09876543209876543,
                "Pr": 0.17582417582417584
            },
            "negative": {
                "CA": 0.536697247706422,
                "Spec": 0.8401639344262295,
                "Sens": 0.15104166666666666,
                "Pr": 0.4264705882352941
            },
            "neutral": {
                "CA": 0.464746772591857,
                "Spec": 0.147117296222664,
                "Sens": 0.7817460317460317,
                "Pr": 0.4787363304981774
            }
        },
        "first_sentence": {
            "positive": {
                "CA": 0.601123595505618,
                "Spec": 0.7272727272727273,
                "Sens": 0.1728395061728395,
                "Pr": 0.15730337078651685
            },
            "negative": {
                "CA": 0.4965197215777262,
                "Spec": 0.694560669456067,
                "Sens": 0.25,
                "Pr": 0.39669421487603307
            },
            "neutral": {
                "CA": 0.44863731656184486,
                "Spec": 0.27555555555555555,
                "Sens": 0.6031746031746031,
                "Pr": 0.48253968253968255
            }
        },
        "last_sentence": {
            "positive": {
                "CA": 0.5985401459854015,
                "Spec": 0.7170172084130019,
                "Sens": 0.21604938271604937,
                "Pr": 0.1912568306010929
            },
            "negative": {
                "CA": 0.47453703703703703,
                "Spec": 0.6458333333333334,
                "Sens": 0.2604166666666667,
                "Pr": 0.37037037037037035
            },
            "neutral": {
                "CA": 0.4266389177939646,
                "Spec": 0.29540481400437635,
                "Sens": 0.5456349206349206,
                "Pr": 0.46063651591289784
            }
        },
        "first_and_last": {
            "positive": {
                "CA": 0.6724890829694323,
                "Spec": 0.8552380952380952,
                "Sens": 0.08024691358024691,
                "Pr": 0.14606741573033707
            },
            "negative": {
                "CA": 0.5334872979214781,
                "Spec": 0.8485477178423236,
                "Sens": 0.13802083333333334,
                "Pr": 0.42063492063492064
            },
            "neutral": {
                "CA": 0.4578790882061447,
                "Spec": 0.1306930693069307,
                "Sens": 0.7857142857142857,
                "Pr": 0.474251497005988
            }
        },
        "until_first_mention": {
            "positive": {
                "CA": 0.6008771929824561,
                "Spec": 0.7298850574712644,
                "Sens": 0.18518518518518517,
                "Pr": 0.17543859649122806
            },
            "negative": {
                "CA": 0.48296122209165687,
                "Spec": 0.7259100642398287,
                "Sens": 0.1875,
                "Pr": 0.36
            },
            "neutral": {
                "CA": 0.42110655737704916,
                "Spec": 0.21610169491525424,
                "Sens": 0.6130952380952381,
                "Pr": 0.45508100147275404
            }
        },
        "after_last_mention": {
            "positive": {
                "CA": 0.6700879765395894,
                "Spec": 0.8557692307692307,
                "Sens": 0.07407407407407407,
                "Pr": 0.13793103448275862
            },
            "negative": {
                "CA": 0.525891829689298,
                "Spec": 0.8515463917525773,
                "Sens": 0.11458333333333333,
                "Pr": 0.3793103448275862
            },
            "neutral": {
                "CA": 0.4542743538767396,
                "Spec": 0.11155378486055777,
                "Sens": 0.7956349206349206,
                "Pr": 0.4734356552538371
            }
        }
    },
    "method_based": {
        "SentimentSentenceRandom": {
            "positive": {
                "CA": 0.5716374269005848,
                "Spec": 0.6954022988505747,
                "Sens": 0.1728395061728395,
                "Pr": 0.1497326203208556
            },
            "negative": {
                "CA": 0.46162927981109797,
                "Spec": 0.6889848812095032,
                "Sens": 0.1875,
                "Pr": 0.3333333333333333
            },
            "neutral": {
                "CA": 0.40729166666666666,
                "Spec": 0.21929824561403508,
                "Sens": 0.5773809523809523,
                "Pr": 0.44976816074188564
            }
        },
        "SentimentAfinn": {
            "positive": {
                "CA": 0.5766526019690577,
                "Spec": 0.7067395264116576,
                "Sens": 0.13580246913580246,
                "Pr": 0.12021857923497267
            },
            "negative": {
                "CA": 0.4963680387409201,
                "Spec": 0.7194570135746606,
                "Sens": 0.23958333333333334,
                "Pr": 0.42592592592592593
            },
            "neutral": {
                "CA": 0.42137718396711205,
                "Spec": 0.24307036247334754,
                "Sens": 0.5873015873015873,
                "Pr": 0.45468509984639016
            }
        },
        "SentimentStanza": {
            "positive": {
                "CA": 0.7065052950075643,
                "Spec": 0.8997995991983968,
                "Sens": 0.1111111111111111,
                "Pr": 0.2647058823529412
            },
            "negative": {
                "CA": 0.5171650055370985,
                "Spec": 0.6820809248554913,
                "Sens": 0.2942708333333333,
                "Pr": 0.4064748201438849
            },
            "neutral": {
                "CA": 0.46560319042871384,
                "Spec": 0.2625250501002004,
                "Sens": 0.6666666666666666,
                "Pr": 0.4772727272727273
            }
        },
        "SentimentSpacy": {
            "positive": {
                "CA": 0.7389380530973452,
                "Spec": 0.9554263565891473,
                "Sens": 0.04938271604938271,
                "Pr": 0.25806451612903225
            },
            "negative": {
                "CA": 0.5680272108843537,
                "Spec": 0.9919678714859438,
                "Sens": 0.018229166666666668,
                "Pr": 0.6363636363636364
            },
            "neutral": {
                "CA": 0.4812680115273775,
                "Spec": 0.027932960893854747,
                "Sens": 0.9642857142857143,
                "Pr": 0.48214285714285715
            }
        },
        "Majority": {
            "positive": {
                "CA": 0.7567567567567568,
                "Spec": 1.0,
                "Sens": 0.0,
                "Pr": 0
            },
            "negative": {
                "CA": 0.5675675675675675,
                "Spec": 1.0,
                "Sens": 0.0,
                "Pr": 0
            },
            "neutral": {
                "CA": 0.48,
                "Spec": 0.0,
                "Sens": 1.0,
                "Pr": 0.48
            }
        },
        "CharacterRandom": {
            "positive": {
                "CA": 0.4912043301759134,
                "Spec": 0.5285961871750433,
                "Sens": 0.35802469135802467,
                "Pr": 0.17575757575757575
            },
            "negative": {
                "CA": 0.4331742243436754,
                "Spec": 0.4933920704845815,
                "Sens": 0.3619791666666667,
                "Pr": 0.37669376693766937
            },
            "neutral": {
                "CA": 0.40970654627539504,
                "Spec": 0.5157068062827225,
                "Sens": 0.32936507936507936,
                "Pr": 0.47293447293447294
            }
        }
    }
}