{
    "approach_based": {
        "appearance": {
            "positive": {
                "CA": 0.6573116691285081,
                "Spec": 0.8427184466019417,
                "Sens": 0.06790123456790123,
                "Pr": 0.11956521739130435
            },
            "negative": {
                "CA": 0.5097365406643757,
                "Spec": 0.7955010224948875,
                "Sens": 0.14583333333333334,
                "Pr": 0.358974358974359
            },
            "neutral": {
                "CA": 0.4472361809045226,
                "Spec": 0.1364562118126273,
                "Sens": 0.75,
                "Pr": 0.4713216957605985
            }
        },
        "first_sentence": {
            "positive": {
                "CA": 0.5698478561549101,
                "Spec": 0.661319073083779,
                "Sens": 0.25308641975308643,
                "Pr": 0.1774891774891775
            },
            "negative": {
                "CA": 0.48989298454221164,
                "Spec": 0.6608315098468271,
                "Sens": 0.2864583333333333,
                "Pr": 0.41509433962264153
            },
            "neutral": {
                "CA": 0.4345991561181435,
                "Spec": 0.3400900900900901,
                "Sens": 0.5178571428571429,
                "Pr": 0.4711191335740072
            }
        },
        "last_sentence": {
            "positive": {
                "CA": 0.6042857142857143,
                "Spec": 0.7230483271375465,
                "Sens": 0.20987654320987653,
                "Pr": 0.18579234972677597
            },
            "negative": {
                "CA": 0.48342857142857143,
                "Spec": 0.6069246435845214,
                "Sens": 0.3255208333333333,
                "Pr": 0.39308176100628933
            },
            "neutral": {
                "CA": 0.4462025316455696,
                "Spec": 0.3581081081081081,
                "Sens": 0.5238095238095238,
                "Pr": 0.4808743169398907
            }
        },
        "first_and_last": {
            "positive": {
                "CA": 0.6425470332850941,
                "Spec": 0.8109640831758034,
                "Sens": 0.09259259259259259,
                "Pr": 0.13043478260869565
            },
            "negative": {
                "CA": 0.5174825174825175,
                "Spec": 0.7953586497890295,
                "Sens": 0.17447916666666666,
                "Pr": 0.40853658536585363
            },
            "neutral": {
                "CA": 0.4462311557788945,
                "Spec": 0.1670061099796334,
                "Sens": 0.7182539682539683,
                "Pr": 0.4695201037613489
            }
        },
        "until_first_mention": {
            "positive": {
                "CA": 0.6022408963585434,
                "Spec": 0.7083333333333334,
                "Sens": 0.24074074074074073,
                "Pr": 0.195
            },
            "negative": {
                "CA": 0.5058823529411764,
                "Spec": 0.7253218884120172,
                "Sens": 0.23958333333333334,
                "Pr": 0.41818181818181815
            },
            "neutral": {
                "CA": 0.4451345755693582,
                "Spec": 0.28354978354978355,
                "Sens": 0.5932539682539683,
                "Pr": 0.4746031746031746
            }
        },
        "after_last_mention": {
            "positive": {
                "CA": 0.6681222707423581,
                "Spec": 0.8571428571428571,
                "Sens": 0.05555555555555555,
                "Pr": 0.10714285714285714
            },
            "negative": {
                "CA": 0.5269804822043628,
                "Spec": 0.8172484599589322,
                "Sens": 0.15885416666666666,
                "Pr": 0.4066666666666667
            },
            "neutral": {
                "CA": 0.45854145854145856,
                "Spec": 0.14084507042253522,
                "Sens": 0.7718253968253969,
                "Pr": 0.47671568627450983
            }
        }
    },
    "method_based": {
        "SentimentRoBERTa": {
            "positive": {
                "CA": 0.5255681818181818,
                "Spec": 0.5885608856088561,
                "Sens": 0.3148148148148148,
                "Pr": 0.18613138686131386
            },
            "negative": {
                "CA": 0.4389086595492289,
                "Spec": 0.45751633986928103,
                "Sens": 0.4166666666666667,
                "Pr": 0.39119804400978
            },
            "neutral": {
                "CA": 0.4008667388949079,
                "Spec": 0.5035799522673031,
                "Sens": 0.31547619047619047,
                "Pr": 0.4332425068119891
            }
        },
        "SentimentAfinn": {
            "positive": {
                "CA": 0.5766526019690577,
                "Spec": 0.7067395264116576,
                "Sens": 0.13580246913580246,
                "Pr": 0.12021857923497267
            },
            "negative": {
                "CA": 0.4963680387409201,
                "Spec": 0.7194570135746606,
                "Sens": 0.23958333333333334,
                "Pr": 0.42592592592592593
            },
            "neutral": {
                "CA": 0.42137718396711205,
                "Spec": 0.24307036247334754,
                "Sens": 0.5873015873015873,
                "Pr": 0.45468509984639016
            }
        },
        "SentimentStanza": {
            "positive": {
                "CA": 0.7065052950075643,
                "Spec": 0.8997995991983968,
                "Sens": 0.1111111111111111,
                "Pr": 0.2647058823529412
            },
            "negative": {
                "CA": 0.5171650055370985,
                "Spec": 0.6820809248554913,
                "Sens": 0.2942708333333333,
                "Pr": 0.4064748201438849
            },
            "neutral": {
                "CA": 0.46560319042871384,
                "Spec": 0.2625250501002004,
                "Sens": 0.6666666666666666,
                "Pr": 0.4772727272727273
            }
        },
        "SentimentSpacy": {
            "positive": {
                "CA": 0.7389380530973452,
                "Spec": 0.9554263565891473,
                "Sens": 0.04938271604938271,
                "Pr": 0.25806451612903225
            },
            "negative": {
                "CA": 0.5680272108843537,
                "Spec": 0.9919678714859438,
                "Sens": 0.018229166666666668,
                "Pr": 0.6363636363636364
            },
            "neutral": {
                "CA": 0.4812680115273775,
                "Spec": 0.027932960893854747,
                "Sens": 0.9642857142857143,
                "Pr": 0.48214285714285715
            }
        },
        "Majority": {
            "positive": {
                "CA": 0.7567567567567568,
                "Spec": 1.0,
                "Sens": 0.0,
                "Pr": 0
            },
            "negative": {
                "CA": 0.5675675675675675,
                "Spec": 1.0,
                "Sens": 0.0,
                "Pr": 0
            },
            "neutral": {
                "CA": 0.48,
                "Spec": 0.0,
                "Sens": 1.0,
                "Pr": 0.48
            }
        },
        "CharacterRandom": {
            "positive": {
                "CA": 0.4676165803108808,
                "Spec": 0.5098360655737705,
                "Sens": 0.30864197530864196,
                "Pr": 0.14326647564469913
            },
            "negative": {
                "CA": 0.437046004842615,
                "Spec": 0.502262443438914,
                "Sens": 0.3619791666666667,
                "Pr": 0.3871866295264624
            },
            "neutral": {
                "CA": 0.4183082271147161,
                "Spec": 0.5264623955431755,
                "Sens": 0.3412698412698413,
                "Pr": 0.5029239766081871
            }
        }
    }
}