{
    "approach_based": {
        "All sentences": {
            "positive": {
                "CA": 0.6460176991150443,
                "Spec": 0.8186046511627907,
                "Sens": 0.0962962962962963,
                "Pr": 0.14285714285714285
            },
            "negative": {
                "CA": 0.503448275862069,
                "Spec": 0.7555555555555555,
                "Sens": 0.184375,
                "Pr": 0.37341772151898733
            },
            "neutral": {
                "CA": 0.44242424242424244,
                "Spec": 0.17777777777777778,
                "Sens": 0.6976190476190476,
                "Pr": 0.4680511182108626
            }
        },
        "First sentence": {
            "positive": {
                "CA": 0.5348837209302325,
                "Spec": 0.6081370449678801,
                "Sens": 0.2814814814814815,
                "Pr": 0.17194570135746606
            },
            "negative": {
                "CA": 0.46,
                "Spec": 0.5894736842105263,
                "Sens": 0.30625,
                "Pr": 0.3858267716535433
            },
            "neutral": {
                "CA": 0.41818181818181815,
                "Spec": 0.38857142857142857,
                "Sens": 0.44285714285714284,
                "Pr": 0.465
            }
        },
        "Last sentence": {
            "positive": {
                "CA": 0.558974358974359,
                "Spec": 0.66,
                "Sens": 0.2222222222222222,
                "Pr": 0.16393442622950818
            },
            "negative": {
                "CA": 0.45416666666666666,
                "Spec": 0.525,
                "Sens": 0.365625,
                "Pr": 0.3811074918566775
            },
            "neutral": {
                "CA": 0.42357512953367876,
                "Spec": 0.41761363636363635,
                "Sens": 0.42857142857142855,
                "Pr": 0.4675324675324675
            }
        },
        "First and last sentence": {
            "positive": {
                "CA": 0.6358885017421603,
                "Spec": 0.7881548974943052,
                "Sens": 0.14074074074074075,
                "Pr": 0.16964285714285715
            },
            "negative": {
                "CA": 0.5133614627285513,
                "Spec": 0.7416879795396419,
                "Sens": 0.234375,
                "Pr": 0.42613636363636365
            },
            "neutral": {
                "CA": 0.4397590361445783,
                "Spec": 0.22926829268292684,
                "Sens": 0.6452380952380953,
                "Pr": 0.4616695059625213
            }
        },
        "Until first mention": {
            "positive": {
                "CA": 0.5592654424040067,
                "Spec": 0.6551724137931034,
                "Sens": 0.22962962962962963,
                "Pr": 0.16230366492146597
            },
            "negative": {
                "CA": 0.4772079772079772,
                "Spec": 0.6596858638743456,
                "Sens": 0.259375,
                "Pr": 0.38967136150234744
            },
            "neutral": {
                "CA": 0.4272959183673469,
                "Spec": 0.3131868131868132,
                "Sens": 0.5261904761904762,
                "Pr": 0.4692144373673036
            }
        },
        "After last mention": {
            "positive": {
                "CA": 0.6580310880829016,
                "Spec": 0.8355855855855856,
                "Sens": 0.07407407407407407,
                "Pr": 0.12048192771084337
            },
            "negative": {
                "CA": 0.5240715268225584,
                "Spec": 0.7862407862407862,
                "Sens": 0.190625,
                "Pr": 0.41216216216216217
            },
            "neutral": {
                "CA": 0.4618181818181818,
                "Spec": 0.17530864197530865,
                "Sens": 0.7380952380952381,
                "Pr": 0.4813664596273292
            }
        },
        "Random sentence": {
            "positive": {
                "CA": 0.5480769230769231,
                "Spec": 0.6339468302658486,
                "Sens": 0.23703703703703705,
                "Pr": 0.15165876777251186
            },
            "negative": {
                "CA": 0.4723756906077348,
                "Spec": 0.5463659147869674,
                "Sens": 0.38153846153846155,
                "Pr": 0.4065573770491803
            },
            "neutral": {
                "CA": 0.4362244897959184,
                "Spec": 0.4469914040114613,
                "Sens": 0.42758620689655175,
                "Pr": 0.49076517150395776
            }
        }
    },
    "method_based": {
        "SiEBERT": {
            "positive": {
                "CA": 0.5089605734767025,
                "Spec": 0.5632716049382716,
                "Sens": 0.32275132275132273,
                "Pr": 0.17732558139534885
            },
            "negative": {
                "CA": 0.43425076452599387,
                "Spec": 0.41353383458646614,
                "Sens": 0.45879732739420936,
                "Pr": 0.39768339768339767
            },
            "neutral": {
                "CA": 0.399624765478424,
                "Spec": 0.5621052631578948,
                "Sens": 0.26903553299492383,
                "Pr": 0.4332425068119891
            }
        },
        "AFINN": {
            "positive": {
                "CA": 0.5625744934445769,
                "Spec": 0.6784615384615384,
                "Sens": 0.164021164021164,
                "Pr": 0.12916666666666668
            },
            "negative": {
                "CA": 0.4896265560165975,
                "Spec": 0.683495145631068,
                "Sens": 0.267260579064588,
                "Pr": 0.42402826855123676
            },
            "neutral": {
                "CA": 0.41881100266193433,
                "Spec": 0.28171641791044777,
                "Sens": 0.5431472081218274,
                "Pr": 0.4546742209631728
            }
        },
        "CNN": {
            "positive": {
                "CA": 0.6974358974358974,
                "Spec": 0.883248730964467,
                "Sens": 0.1164021164021164,
                "Pr": 0.24175824175824176
            },
            "negative": {
                "CA": 0.512241054613936,
                "Spec": 0.6574225122349103,
                "Sens": 0.31403118040089084,
                "Pr": 0.4017094017094017
            },
            "neutral": {
                "CA": 0.4689655172413793,
                "Spec": 0.28646748681898065,
                "Sens": 0.6446700507614214,
                "Pr": 0.4841168996188056
            }
        },
        "Majority classifier": {
            "positive": {
                "CA": 0.7576923076923077,
                "Spec": 1.0,
                "Sens": 0.0,
                "Pr": 0
            },
            "negative": {
                "CA": 0.5682692307692307,
                "Spec": 1.0,
                "Sens": 0.0,
                "Pr": 0
            },
            "neutral": {
                "CA": 0.4808787632221318,
                "Spec": 0.0,
                "Sens": 1.0,
                "Pr": 0.4808787632221318
            }
        },
        "Random classifier": {
            "positive": {
                "CA": 0.452914798206278,
                "Spec": 0.4907539118065434,
                "Sens": 0.31216931216931215,
                "Pr": 0.14148681055155876
            },
            "negative": {
                "CA": 0.41995841995842,
                "Spec": 0.4951267056530214,
                "Sens": 0.33407572383073497,
                "Pr": 0.36674816625916873
            },
            "neutral": {
                "CA": 0.4007936507936508,
                "Spec": 0.5011990407673861,
                "Sens": 0.3299492385786802,
                "Pr": 0.4838709677419355
            }
        }
    }
}